collection,card_id,Name,Title,Set,Version,Cost,Type,Number,Color,Illustrator,Lore,Strength,Willpower,Movement,Ink,Characteristics,Abilities,Variants,Rarity,Language,Path,Franchise,Ordinal,Formats,Quantity
Meplos,001-002,ARIEL,Chanteuse exceptionnelle,001,572,3,character,2,"[""amber""]",Alice Pisoni,1,2,3,0,1,"[""storyborn"",""hero"",""princess""]","[{""name"":""Musical Debut"",""description"":""When you play this character, look at the top 4 cards of your deck. You may reveal a song card and put it into your hand. Put the rest on the bottom of your deck in any order.""}]","[""base"",""foil""]",super rare,fr,/cards/ariel/spectacular-singer,The Little Mermaid,2,[1],2
Meplos,001-005,HADÈS,Roi de l'Olympe,001,578,8,character,5,"[""amber""]",Alex Accorsi,1,6,7,0,0,"[""floodborn"",""villain"",""king"",""deity""]","[{""name"":""Sinister Plot"",""description"":""This character gets +1 {lore} for every Villain character you have in play.""}]","[""base"",""foil""]",rare,fr,/cards/hades/king-of-olympus,Hercules,5,[1],1
Meplos,001-006,HADÈS,Seigneur des Enfers,001,579,4,character,6,"[""amber""]",Randy Bishop,1,3,2,0,0,"[""storyborn"",""villain"",""deity""]","[{""name"":""Well Of Souls"",""description"":""When you play this character, return a character card from your discard to your hand.""}]","[""base"",""foil""]",rare,fr,/cards/hades/lord-of-the-underworld,Hercules,6,[1],1
Meplos,001-008,LE FOU,Empoté,001,584,2,character,8,"[""amber""]",Andrey Chumak,2,1,2,0,1,"[""storyborn"",""ally""]","[{""name"":""Loyal"",""description"":""If you have a character named Gaston in play, you pay 1 {ink} less to play this character.""}]","[""base"",""foil""]",uncommon,fr,/cards/lefou/bumbler,Beauty and the Beast,8,[1],2
Meplos,001-011,MAXIMUS,Infatigable poursuivant,001,586,3,character,11,"[""amber""]",Kendall Hale,1,3,3,0,1,"[""dreamborn"",""ally""]","[{""name"":""Horse Kick"",""description"":""When you play this character, chosen character gets -2 {strength} this turn.""}]","[""base"",""foil""]",uncommon,fr,/cards/maximus/relentless-pursuer,Tangled,11,[1],2
Meplos,001-013,MINNIE,Princesse adorée,001,588,2,character,13,"[""amber""]",Kendall Hale,1,2,3,0,1,"[""dreamborn"",""princess""]",[],"[""base"",""foil""]",common,fr,/cards/minnie-mouse/beloved-princess,Mickey & Friends,13,[1],3
Meplos,001-015,MONSIEUR MOUCHE,Fidèle second,001,590,3,character,15,"[""amber""]",Kamil Murzyn / Eri Welli,1,2,5,0,1,"[""dreamborn"",""ally"",""pirate""]",[],"[""base"",""foil""]",common,fr,/cards/mr-smee/loyal-first-mate,Peter Pan,15,[1],2
Meplos,001-016,PRINCE PHILIPPE,Tueur de dragon,001,591,4,character,16,"[""amber""]",Philipp Kruse,2,3,3,0,0,"[""storyborn"",""hero"",""prince""]","[{""name"":""Heroism"",""description"":""When this character challenges another character and is banished, banish the character that was challenged.""}]","[""base"",""foil""]",uncommon,fr,/cards/prince-phillip/dragonslayer,Sleeping Beauty,16,[1],1
Meplos,001-017,PUMBAA,Poète qui sommeille,001,592,4,character,17,"[""amber""]",Jenna Gray,1,3,5,0,1,"[""storyborn"",""ally""]",[],"[""base"",""foil""]",common,fr,/cards/pumbaa/friendly-warthog,The Lion King,17,[1],3
Meplos,001-018,RAIPONCE,Guérit les blessures,001,595,4,character,18,"[""amber""]",Jochem Van Gool,2,1,5,0,1,"[""storyborn"",""hero"",""princess""]","[{""name"":""Gleam and Glow"",""description"":""When you play this character, remove up to 3 damage from one of your characters. Draw a card for each 1 damage removed this way.""}]","[""base"",""foil""]",legendary,fr,/cards/rapunzel/gifted-with-healing,Tangled,18,[1],1
Meplos,001-020,SIMBA,Lionceau protecteur,001,597,2,character,20,"[""amber""]",Filipe Laurentino,1,2,3,0,1,"[""storyborn"",""hero"",""prince""]",[],"[""base"",""foil""]",common,fr,/cards/simba/protective-cub,The Lion King,20,[1],5
Meplos,001-022,STITCH,Nouveau chien,001,599,1,character,22,"[""amber""]",Alex Accorsi,1,2,2,0,1,"[""storyborn"",""hero"",""alien""]",[],"[""base"",""foil""]",common,fr,/cards/stitch/new-dog,Lilo & Stitch,22,[1],1
Meplos,001-024,TIMON,Dénicheur de larves,001,602,1,character,24,"[""amber""]",,1,1,2,0,1,"[""storyborn"",""ally""]","[{""name"":""Tastes Like Chicken"",""description"":""When you play this character, you may remove up to 1 damage from chosen character.""}]","[""base"",""foil""]",common,fr,/cards/timon/grub-rustler,The Lion King,24,[1],2
Meplos,001-026,TRÈS MAUVAIS CARACTÈRE !,,001,604,1,action,26,"[""amber""]",Amber Kommavongsa,0,0,0,0,1,"[""action""]","[{""name"":"""",""description"":""Chosen character gets -2 {strength} this turn.""}]","[""base"",""foil""]",common,fr,/cards/control-your-temper,Beauty and the Beast,26,[1],1
Meplos,001-028,LUEUR RÉPARATRICE,,001,606,1,action,28,"[""amber""]",Philipp Kruse,0,0,0,0,1,"[""action""]","[{""name"":"""",""description"":""Remove up to 2 damage from chosen character.""}]","[""base"",""foil""]",common,fr,/cards/healing-glow,Tangled,28,[1],1
Meplos,001-030,PARTIR LÀ-BAS,,001,607,3,song,30,"[""amber""]",Samanta Erdini,0,0,0,0,0,"[""action"",""song""]","[{""name"":"""",""description"":""(A character with cost 3 or more can {exert} to sing this song for free.)""},{""name"":"""",""description"":""Return a character card from your discard to your hand.""}]","[""base"",""foil""]",rare,fr,/cards/part-of-your-world,The Little Mermaid,30,[1],1
Meplos,001-031,TU M'AS OUBLIÉ,,001,608,4,action,31,"[""amber""]",Alice Pisoni,0,0,0,0,1,"[""action""]","[{""name"":"""",""description"":""Each opponent chooses and discards 2 cards.""}]","[""base"",""foil""]",uncommon,fr,/cards/you-have-forgotten-me,The Lion King,31,[1],1
Meplos,001-032,ZIRGOUFLEX,,001,609,1,item,32,"[""amber""]",Eri Welli,0,0,0,0,1,"[""item""]","[{""name"":""Straighten Hair"",""description"":""{exert} - Remove up to 1 damage from chosen character.""}]","[""base"",""foil""]",common,fr,/cards/dinglehopper,The Little Mermaid,32,[1],2
Meplos,001-033,Lanterne,,001,610,2,item,33,"[""amber""]",Eri Welli,0,0,0,0,0,"[""item""]","[{""name"":""Birthday Lights"",""description"":""{exert} - You pay 1 {ink} less for the next character you play this turn.""}]","[""base"",""foil""]",rare,fr,/cards/lantern,Tangled,33,"[1,2]",1
Meplos,001-035,ANNA,Héritière d'Arendelle,001,612,4,character,35,"[""amethyst""]",Valerio Buonfantino,2,2,4,0,1,"[""storyborn"",""hero"",""queen""]","[{""name"":""Loving Heart"",""description"":""When you play this character, if you have a character named Elsa in play, choose an opposing character. The chosen character doesn't ready at the start of their next turn.""}]","[""base"",""foil""]",uncommon,fr,/cards/anna/heir-to-arendelle,Frozen,35,[1],2
Meplos,001-036,ARCHIMÈDE,Hibou extrêmement instruit,001,158,1,character,36,"[""amethyst""]",Kendall Hale,1,2,2,0,1,"[""dreamborn"",""ally""]",[],"[""base"",""foil""]",common,fr,/cards/archimedes/highly-educated-owl,The Sword in the Stone,36,[1],2
Meplos,001-037,DR. FACILIER,Agent provocateur,001,613,7,character,37,"[""amethyst""]",Isaiah Mesq,3,4,5,0,0,"[""floodborn"",""villain"",""sorcerer""]","[{""name"":""Into the Shadows"",""description"":""Whenever one of your other characters is banished in a challenge, you may return that card to your hand.""}]","[""base"",""foil""]",rare,fr,/cards/dr-facilier/agent-provocateur,The Princess and the Frog,37,[1],1
Meplos,001-038,DR. FACILIER,Charlatan,001,513,2,character,38,"[""amethyst""]",Grace Tran,1,0,4,0,1,"[""storyborn"",""villain"",""sorcerer""]",[],"[""base"",""foil""]",common,fr,/cards/dr-facilier/charlatan,The Princess and the Frog,38,[1],1
Meplos,001-040,ELSA,Reine régente,001,616,4,character,40,"[""amethyst""]",Duyen Nguyen / Aubrey Archer,1,4,4,0,1,"[""storyborn"",""hero"",""queen"",""sorcerer""]",[],"[""base"",""foil""]",common,fr,/cards/elsa/queen-regent,Frozen,40,[1],2
Meplos,001-044,Jafar,Gardien des Secrets,001,162,4,character,44,"[""amethyst""]",Marcel Berg,2,0,5,0,1,"[""dreamborn"",""villain"",""sorcerer""]","[{""name"":""Hidden Wonders"",""description"":""This character gets +1 {strength} for each card in your hand.""}]","[""base"",""foil""]",rare,fr,/cards/jafar/keeper-of-secrets,Aladdin,44,"[1,2]",2
Meplos,001-045,JAFAR,Sorcier maléfique,001,163,4,character,45,"[""amethyst""]",Jake Parker,1,2,5,0,1,"[""dreamborn"",""villain"",""sorcerer""]",[],"[""base"",""foil""]",common,fr,/cards/jafar/wicked-sorcerer,Aladdin,45,[1],4
Meplos,001-046,JETSAM,Espion d'Ursula,001,623,4,character,46,"[""amethyst""]",Brian Weisz,1,3,3,0,1,"[""storyborn"",""ally""]","[{""name"":""Sinister Slither"",""description"":""Your characters named Flotsam gain {Evasive}.""}]","[""base"",""foil""]",common,fr,/cards/jetsam/ursulas-spy,The Little Mermaid,46,[1],3
Meplos,001-047,BALAIS MAGIQUES,Armés de seaux,001,624,2,character,47,"[""amethyst""]",Dav Augereau / Giulia Riva,1,2,2,0,1,"[""dreamborn"",""broom""]","[{""name"":""Sweep"",""description"":""When you play this character, you may shuffle a card from any discard into its player's deck.""}]","[""base"",""foil""]",common,fr,/cards/magic-broom/bucket-brigade,Fantasia,47,[1],1
Meplos,001-048,MALÉFIQUE,Attendant son heure,001,626,1,character,48,"[""amethyst""]",Grace Tran,2,1,1,0,0,"[""dreamborn"",""villain"",""sorcerer""]",[],"[""base"",""foil""]",rare,fr,/cards/maleficent/biding-her-time,Sleeping Beauty,48,[1],1
Meplos,001-049,MALÉFIQUE,Sorcière,001,627,3,character,49,"[""amethyst""]",Valerio Buonfantino,1,2,2,0,1,"[""storyborn"",""villain"",""sorcerer""]","[{""name"":""Cast My Spell!"",""description"":""When you play this character, you may draw a card.""}]","[""base"",""foil""]",common,fr,/cards/maleficent/sorceress,Sleeping Beauty,49,[1],1
Meplos,001-050,GUIMAUVE,Gardien tenace,001,628,6,character,50,"[""amethyst""]",Kendall Hale / Anh Dang,1,5,5,0,0,"[""storyborn"",""ally""]","[{""name"":""Durable"",""description"":""When this character is banished in a challenge, you may return this card to your hand.""}]","[""base"",""foil""]",super rare,fr,/cards/marshmallow/persistent-guardian,Frozen,50,[1],1
Meplos,001-051,MICKEY MOUSE,Sorcier renégat,001,629,4,character,51,"[""amethyst""]",Nicholas Kole,2,3,4,0,1,"[""dreamborn"",""sorcerer""]","[{""name"":""Animate Broom"",""description"":""You pay 1 {ink} less to play Broom characters""},{""name"":""Ceaseless Worker"",""description"":""Whenever one of your Broom characters is banished in a challenge, you may return that card to your hand.""}]","[""base"",""foil""]",super rare,fr,/cards/mickey-mouse/wayward-sorcerer,Mickey & Friends,51,[1],1
Meplos,001-052,Olaf,Gentil bonhomme de neige,001,630,1,character,52,"[""amethyst""]",Giulia Riva,1,1,3,0,1,"[""storyborn"",""ally""]",[],"[""base"",""foil""]",uncommon,fr,/cards/olaf/friendly-snowman,Frozen,52,"[1,2]",1
Meplos,001-053,PASCAL,Compagnon de Raiponce,001,510,1,character,53,"[""amethyst""]",Brian Weisz,1,1,1,0,1,"[""storyborn"",""ally""]","[{""name"":""Camouflage"",""description"":""While you have another character in play, this character gains Evasive.""}]","[""base"",""foil""]",uncommon,fr,/cards/pascal/rapunzels-companion,Tangled,53,[1],1
Meplos,001-054,RAFIKI,Mystérieux sage,001,631,3,character,54,"[""amethyst""]",Giulia Riva,1,3,3,0,0,"[""dreamborn"",""mentor"",""sorcerer""]",[],"[""base"",""foil""]",uncommon,fr,/cards/rafiki/mysterious-sage,The Lion King,54,[1],2
Meplos,001-055,Sven,Fournisseur officiel de glace,001,632,6,character,55,"[""amethyst""]",Jared Nickerl,1,5,7,0,1,"[""storyborn"",""ally""]",[],"[""base"",""foil""]",uncommon,fr,/cards/sven/official-ice-deliverer,Frozen,55,"[1,2]",2
Meplos,001-057,MADAME DE GARDEROBE,Confidente de Belle,001,634,3,character,57,"[""amethyst""]",,1,3,4,0,1,"[""dreamborn"",""ally""]",[],"[""base"",""foil""]",common,fr,/cards/the-wardrobe/belles-confidant,Beauty and the Beast,57,[1],3
Meplos,001-058,LA FÉE CLOCHETTE,Alliée de Peter Pan,001,636,5,character,58,"[""amethyst""]",Adrianne Gumaya,2,3,3,0,0,"[""storyborn"",""ally"",""fairy""]","[{""name"":""Loyal and Devoted"",""description"":""Your characters named Peter Pan gain {Challenger +1}.""}]","[""base"",""foil""]",common,fr,/cards/tinker-bell/peter-pans-ally,Peter Pan,58,[1],2
Meplos,001-059,URSULA,Assoiffée de pouvoir,001,638,7,character,59,"[""amethyst""]",Simangaliso Sibaya,3,2,8,0,0,"[""storyborn"",""villain"",""sorcerer""]","[{""name"":""It's Too Easy!"",""description"":""When you play this character, each opponent loses 1 lore. You may draw a card for each 1 lore lost this way.""}]","[""base"",""foil""]",legendary,fr,/cards/ursula/power-hungry,The Little Mermaid,59,[1],1
Meplos,001-060,YZMA,Alchimiste,001,533,2,character,60,"[""amethyst""]",Hadjie Joos,1,2,2,0,1,"[""dreamborn"",""villain"",""sorcerer""]","[{""name"":""You're excused"",""description"":""Whenever this character quests, look at the top card of your deck. Put it on either the top or bottom of your deck.""}]","[""base"",""foil""]",common,fr,/cards/yzma/alchemist,The Emperor's New Groove,60,[1],1
Meplos,001-061,ZEUS,Dieu de la Foudre,001,640,4,character,61,"[""amethyst""]",Koni,2,0,4,0,0,"[""storyborn"",""deity""]",[],"[""base"",""foil""]",rare,fr,/cards/zeus/god-of-lightning,Hercules,61,[1],1
Meplos,001-062,EMBERLIFICOTAGE,,001,641,1,action,62,"[""amethyst""]",Kendall Hale,0,0,0,0,1,"[""action""]","[{""name"":"""",""description"":""Return a character or item with cost 2 or less to their player's hand.""}]","[""base"",""foil""]",uncommon,fr,/cards/befuddle,The Sword in the Stone,62,[1],1
Meplos,001-064,MES AMIS DE L'AU-DELÀ,,001,642,3,song,64,"[""amethyst""]",Amber Kommavongsa,0,0,0,0,1,"[""action"",""song""]","[{""name"":"""",""description"":""(A character with cost 3 or more can {exert} to sing this song for free.)""},{""name"":"""",""description"":""Draw 2 cards.""}]","[""base"",""foil""]",common,fr,/cards/friends-on-the-other-side,The Princess and the Frog,64,[1],1
Meplos,001-065,Réflexion,,001,643,1,song,65,"[""amethyst""]",Kevin Hong,0,0,0,0,1,"[""action"",""song""]","[{""name"":"""",""description"":""(A character with cost 1 or more can {exert} to sing this song for free.)""},{""name"":"""",""description"":""Look at the top 3 cards of your deck. Put them back on the top of your deck in any order.""}]","[""base"",""foil""]",uncommon,fr,/cards/reflection,Mulan,65,[1],2
Meplos,001-067,CHAUDRON D'URSULA,,001,645,2,item,67,"[""amethyst""]",Oleg Yurkov,0,0,0,0,0,"[""item""]","[{""name"":""Peer Into the Depths"",""description"":""{exert} - Look at the top 2 cards of your deck. Put one on top of your deck and the other on the bottom.""}]","[""base"",""foil""]",uncommon,fr,/cards/ursulas-cauldron,The Little Mermaid,67,[1],1
Meplos,001-137,ARIEL,Collectionneuse de couics et de couacs,001,708,4,character,137,"[""sapphire""]",Hedvig Häggman-Sund,1,3,3,0,0,"[""storyborn"",""hero"",""princess""]","[{""name"":""Look At This Stuff"",""description"":""Whenever you play an item, you may ready this character.""}]","[""base"",""foil""]",rare,fr,/cards/ariel/whoseit-collector,The Little Mermaid,137,[1],1
Meplos,001-138,AURORE,Rose,001,709,4,character,138,"[""sapphire""]",Rosalia Radosti,0,2,5,0,1,"[""storyborn"",""hero"",""princess""]","[{""name"":""Rare Beauty"",""description"":""When you play this character, chosen opposing character gets -2 {strength} this turn.""}]","[""base"",""foil""]",common,fr,/cards/aurora/briar-rose,Sleeping Beauty,138,[1],2
Meplos,001-140,Aurore,Princesse Royale,001,214,2,character,140,"[""sapphire""]",Samanta Erdini,2,2,2,0,1,"[""storyborn"",""hero"",""princess""]",[],"[""base"",""foil""]",uncommon,fr,/cards/aurora/regal-princess,Sleeping Beauty,140,"[1,2]",1
Meplos,001-142,BELLE,Étrange demoiselle,001,712,4,character,142,"[""sapphire""]",Alice Pisoni,1,2,4,0,1,"[""storyborn"",""hero"",""princess""]","[{""name"":""Read a Book"",""description"":""During your turn, you may put an additional card from your hand into your inkwell facedown.""},{""name"":""My Favorite Part!"",""description"":""While you have 10 or more cards in your inkwell, this character gets +4 {lore}.""}]","[""base"",""foil""]",legendary,fr,/cards/belle/strange-but-special,Beauty and the Beast,142,[1],2
Meplos,001-143,TUI,Chef respecté,001,713,7,character,143,"[""sapphire""]",Pirel,3,3,6,0,1,"[""storyborn"",""mentor"",""king""]",[],"[""base"",""foil""]",uncommon,fr,/cards/chief-tui/respected-leader,Moana,143,[1],1
Meplos,001-144,DONALD,Inventeur fanfaron,001,714,5,character,144,"[""sapphire""]",,2,4,3,0,1,"[""dreamborn"",""hero"",""inventor""]",[],"[""base"",""foil""]",common,fr,/cards/donald-duck/strutting-his-stuff,Mickey & Friends,144,[1],1
Meplos,001-146,GRAND-MÈRE TALA,Conteuse,001,717,2,character,146,"[""sapphire""]",Filipe Laurentino,1,1,1,0,1,"[""storyborn"",""mentor""]","[{""name"":""I'll Be With You"",""description"":""When this character is banished, you may put this card into your inkwell facedown and exerted.""}]","[""base"",""foil""]",uncommon,fr,/cards/gramma-tala/storyteller,Moana,146,[1],1
Meplos,001-148,JASMINE,Déguisée,001,219,3,character,148,"[""sapphire""]",R. La Barbera / L. Giammichele,2,3,3,0,1,"[""storyborn"",""princess""]",[],"[""base"",""foil""]",common,fr,/cards/jasmine/disguised,Aladdin,148,[1],1
Meplos,001-149,JASMINE,Reine d'Agrabah,001,719,5,character,149,"[""sapphire""]",Filipe Laurentino,2,2,5,0,1,"[""floodborn"",""hero"",""princess"",""queen""]","[{""name"":""Caretaker"",""description"":""When you play this character and whenever she quests, you may remove up to 2 damage from each of your characters.""}]","[""base"",""foil""]",rare,fr,/cards/jasmine/queen-of-agrabah,Aladdin,149,[1],2
Meplos,001-150,MALÉFIQUE,Sinistre visiteuse,001,720,4,character,150,"[""sapphire""]",Nicholas Kole,2,3,4,0,1,"[""storyborn"",""villain"",""sorcerer""]",[],"[""base"",""foil""]",common,fr,/cards/maleficent/sinister-visitor,Sleeping Beauty,150,[1],4
Meplos,001-153,MERLIN,Mentor autoproclamé,001,724,4,character,153,"[""sapphire""]",Dave Beauchene,1,3,4,0,1,"[""dreamborn"",""mentor"",""sorcerer""]",[],"[""base"",""foil""]",common,fr,/cards/merlin/self-appointed-mentor,The Sword in the Stone,153,[1],2
Meplos,001-154,Mickey Mouse,Détective,001,530,3,character,154,"[""sapphire""]",Jared Nickerl,1,1,3,0,0,"[""dreamborn"",""hero"",""detective""]","[{""name"":""Get A Clue"",""description"":""When you play this character, you may put the top card of your deck into your inkwell facedown and exerted.""}]","[""base"",""foil""]",common,fr,/cards/mickey-mouse/detective,Mickey & Friends,154,"[1,2]",4
Meplos,001-155,Mufasa,Roi de la Terre des Lions,001,726,6,character,155,"[""sapphire""]",Luis Huerta,3,4,6,0,1,"[""storyborn"",""mentor"",""king""]",[],"[""base"",""foil""]",common,fr,/cards/mufasa/king-of-the-pride-lands,The Lion King,155,"[1,2]",3
Meplos,001-156,PHILOCTÈTE,Entraineur de héros,001,222,2,character,156,"[""sapphire""]",Leonardo Giammichele,1,3,1,0,1,"[""storyborn"",""mentor""]",[],"[""base"",""foil""]",common,fr,/cards/philoctetes/trainer-of-heroes,Hercules,156,[1],2
Meplos,001-158,SCAR,Manipulateur,001,728,6,character,158,"[""sapphire""]",Bill Robinson,2,5,4,0,1,"[""storyborn"",""villain""]","[{""name"":""Insidious Plot"",""description"":""When you play this character, chosen opposing character gets -5 {strength} this turn.""}]","[""base"",""foil""]",rare,fr,/cards/scar/mastermind,The Lion King,158,[1],1
Meplos,001-163,"LIBÉRÉE, DÉLIVRÉE",,001,734,5,song,163,"[""sapphire""]",Milica Celikovic,0,0,0,0,1,"[""action"",""song""]","[{""name"":"""",""description"":""Put chosen character into their player's inkwell facedown and exerted.""}]","[""base"",""foil""]",rare,fr,/cards/let-it-go,Frozen,163,"[1,2]",2
Meplos,001-164,Je Vole,,001,735,2,song,164,"[""sapphire""]",Bill Robinson,0,0,0,0,0,"[""action"",""song""]","[{""name"":"""",""description"":""Put the top card of your deck into your inkwell facedown and exerted.""}]","[""base"",""foil""]",uncommon,fr,/cards/one-jump-ahead,Aladdin,164,"[1,2]",5
Meplos,001-165,TRAVAIL D'ÉQUIPE,,001,736,1,action,165,"[""sapphire""]",Bill Robinson,0,0,0,0,1,"[""action""]","[{""name"":"""",""description"":""Chosen character gains {Support} this turn.""}]","[""base"",""foil""]",common,fr,/cards/work-together,The Emperor's New Groove,165,[1],1
Meplos,001-167,ŒIL DES MOIRES,,001,737,4,item,167,"[""sapphire""]",Ron Baird,0,0,0,0,1,"[""item""]","[{""name"":""See the Future"",""description"":""{exert} - Chosen character gets +1 {lore} this turn.""}]","[""base"",""foil""]",uncommon,fr,/cards/eye-of-the-fates,Hercules,167,[1],1
Meplos,001-168,PLUME EN FORME D'ARÊTE,,001,715,3,item,168,"[""sapphire""]",Tanisha Cherislin,0,0,0,0,1,"[""item""]","[{""name"":""Go Ahead and Sign"",""description"":""{exert} - Put any card from your hand into your inkwell facedown.""}]","[""base"",""foil""]",rare,fr,/cards/fishbone-quill,The Little Mermaid,168,[1],1
Meplos,001-169,FLEUR AUX PÉTALES D'OR,,001,228,1,item,169,"[""sapphire""]",Cory Godbey,0,0,0,0,1,"[""item""]","[{""name"":""Healing Pollen"",""description"":""Banish this item - Remove up to 3 damage from chosen character.""}]","[""base"",""foil""]",common,fr,/cards/magic-golden-flower,Tangled,169,[1],1
Meplos,001-170,SCEPTRE D'ARENDELLE,,001,722,1,item,170,"[""sapphire""]",Grace Tran,0,0,0,0,1,"[""item""]","[{""name"":""Command"",""description"":""{exert} - Chosen character gains {Support} this turn.""}]","[""base"",""foil""]",uncommon,fr,/cards/scepter-of-arendelle,Frozen,170,[1],1
Meplos,001-171,ALADDIN,Hors-la-loi acculé,001,512,2,character,171,"[""steel""]",Randy Bishop,2,2,1,0,1,"[""storyborn"",""hero""]",[],"[""base"",""foil""]",common,fr,/cards/aladdin/cornered-swordsman,Aladdin,171,[1],2
Meplos,001-174,Capitaine Crochet,Duelliste aguerri,001,6,1,character,174,"[""steel""]",Marcel Berg,1,1,2,0,1,"[""dreamborn"",""villain"",""pirate"",""captain""]",[],"[""base"",""foil""]",common,fr,/cards/captain-hook/forceful-duelist,Peter Pan,174,"[1,2]",2
Meplos,001-176,CERBÈRE,Chien à trois têtes,001,741,5,character,176,"[""steel""]",,0,5,6,0,1,"[""storyborn""]",[],"[""base"",""foil""]",common,fr,/cards/cerberus/three-headed-dog,Hercules,176,[1],1
Meplos,001-178,GANTU,Capitaine de la Fédération Galactique,001,743,8,character,178,"[""steel""]",Luis Huerta,2,6,6,0,1,"[""storyborn"",""alien"",""captain""]","[{""name"":""Under Arrest"",""description"":""Characters with cost 2 or less can't challenge your characters.""}]","[""base"",""foil""]",legendary,fr,/cards/gantu/galactic-federation-captain,Lilo & Stitch,178,[1],1
Meplos,001-179,CRÉATURES,Sbires de Maléfique,001,621,1,character,179,"[""steel""]",Cam Kendell,1,2,2,0,1,"[""storyborn"",""ally""]",[],"[""base"",""foil""]",common,fr,/cards/goons/maleficents-underlings,Sleeping Beauty,179,[1],1
Meplos,001-180,HANS,Treizième héritier,001,744,4,character,180,"[""steel""]",Kendall Hale,2,3,3,0,1,"[""storyborn"",""villain"",""prince""]","[{""name"":""Stage A Little Accident"",""description"":""Whenever this character quests, you may deal 1 damage to chosen character.""}]","[""base"",""foil""]",super rare,fr,/cards/hans/thirteenth-in-line,Frozen,180,[1],1
Meplos,001-181,Hercule,Vrai héros,001,729,3,character,181,"[""steel""]",Marcel Berg,1,3,3,0,1,"[""dreamborn"",""hero"",""prince""]",[],"[""base"",""foil""]",common,fr,/cards/hercules/true-hero,Hercules,181,"[1,2]",5
Meplos,001-182,KRISTOFF,Maître glacier officiel,001,745,3,character,182,"[""steel""]",Ron Baird,2,3,3,0,1,"[""storyborn"",""ally""]",[],"[""base"",""foil""]",common,fr,/cards/kristoff/official-ice-master,Frozen,182,[1],2
Meplos,001-186,MICKEY MOUSE,Mousquetaire,001,246,6,character,186,"[""steel""]",Jochem Van Gool,2,2,7,0,1,"[""dreamborn"",""hero"",""musketeer""]","[{""name"":""All For One"",""description"":""Your other Musketeer characters get +1 {strength}.""}]","[""base"",""foil""]",rare,fr,/cards/mickey-mouse/musketeer,Mickey & Friends,186,[1],2
Meplos,001-187,Prince Eric,Fougueux et courageux,001,749,2,character,187,"[""steel""]",Cristian Romero,1,1,3,0,1,"[""storyborn"",""hero"",""prince""]",[],"[""base"",""foil""]",common,fr,/cards/prince-eric/dashing-and-brave,The Little Mermaid,187,"[1,2]",1
Meplos,001-188,SIMBA,Futur roi,001,750,1,character,188,"[""steel""]",Nicholas Kole,1,1,2,0,1,"[""storyborn"",""hero"",""prince""]","[{""name"":""Guess What?"",""description"":""When you play this character, you may draw a card, then choose and discard a card.""}]","[""base"",""foil""]",common,fr,/cards/simba/future-king,The Lion King,188,[1],3
Meplos,001-191,MONSIEUR STARKEY,Acolyte de Crochet,001,244,5,character,191,"[""steel""]",Leonardo Giammichele,1,5,4,0,1,"[""storyborn"",""ally"",""pirate""]","[{""name"":""Aye Aye, Captain"",""description"":""While you have a Captain character in play, this character gets +1 {lore}.""}]","[""base"",""foil""]",uncommon,fr,/cards/starkey/hooks-henchman,Peter Pan,191,[1],3
Meplos,001-193,La Fée Clochette,Fée géante,001,754,6,character,193,"[""steel""]",Cookie,2,4,5,0,1,"[""floodborn"",""ally"",""fairy""]","[{""name"":""Rock the Boat"",""description"":""When you play this character, deal 1 damage to each opposing character.""},{""name"":""Puny Pirate!"",""description"":""During your turn, whenever this character banishes another character in a challenge, you may deal 2 damage to chosen opposing character.""}]","[""base"",""foil""]",super rare,fr,/cards/tinker-bell/giant-fairy,Peter Pan,193,"[1,2]",1
Meplos,001-194,La Fée Clochette,Mini tacticienne,001,755,3,character,194,"[""steel""]",Grace Tran,1,2,4,0,1,"[""dreamborn"",""ally"",""fairy""]","[{""name"":""Battle plans"",""description"":""{exert} - Draw a card, then choose and discard a card.""}]","[""base"",""foil""]",common,fr,/cards/tinker-bell/tiny-tactician,Peter Pan,194,"[1,2]",2
Meplos,001-195,CE RÊVE BLEU,,001,61,5,song,195,"[""steel""]",Koni,0,0,0,0,0,"[""action"",""song""]","[{""name"":"""",""description"":""(A character with cost 5 or more can {exert} to sing this song for free.)""},{""name"":"""",""description"":""Each player discards their hand and draws 7 cards.""}]","[""base"",""foil""]",super rare,fr,/cards/a-whole-new-world,Aladdin,195,[1],1
Meplos,001-197,Allumez les Mêches !,,001,758,1,action,197,"[""steel""]",Matt Chapman,0,0,0,0,0,"[""action""]","[{""name"":"""",""description"":""Deal 2 damage to chosen character.""}]","[""base"",""foil""]",common,fr,/cards/fire-the-cannons,Peter Pan,197,"[1,2]",1
Meplos,001-198,TUONS LA BÊTE !,,001,311,5,song,198,"[""steel""]",Peter Brockhammer,0,0,0,0,0,"[""action"",""song""]","[{""name"":"""",""description"":""Deal 2 damage to each opposing character.""}]","[""base"",""foil""]",rare,fr,/cards/grab-your-sword,Beauty and the Beast,198,[1],1
Meplos,001-200,Fracasser !,,001,507,3,action,200,"[""steel""]",Simangaliso Sibaya,0,0,0,0,1,"[""action""]","[{""name"":"""",""description"":""Deal 3 damage to chosen character.""}]","[""base"",""foil""]",uncommon,fr,/cards/smash,Frozen,200,"[1,2]",2
Meplos,001-201,Miroir de la Bête,,001,516,2,item,201,"[""steel""]",Samanta Erdini,0,0,0,0,1,"[""item""]","[{""name"":""Show Me"",""description"":""If you have no cards in your hand, draw a card.""}]","[""base"",""foil""]",common,fr,/cards/beasts-mirror,Beauty and the Beast,201,"[1,2]",1
Meplos,001-202,POÊLE À FRIRE,,001,247,2,item,202,"[""steel""]",Kamil Murzyn,0,0,0,0,1,"[""item""]","[{""name"":""Clang!"",""description"":""Banish this item - Chosen character can't challenge during their next turn.""}]","[""base"",""foil""]",uncommon,fr,/cards/frying-pan,Tangled,202,[1],2
Meplos,002-059,Winnie l'ourson,Magicien mellifique,002,111,5,character,59,"[""amethyst""]",John Loren,2,5,5,0,1,"[""dreamborn"",""hero"",""sorcerer""]",[],"[""base"",""foil""]",common,fr,/cards/winnie-the-pooh/hunny-wizard,Winnie the Pooh,59,"[1,2]",1
Meplos,004-005,Big Ben,Majordome,004,990,4,character,5,"[""amber""]",Heidi Neunhoffer,1,3,3,0,1,"[""dreamborn"",""ally""]","[{""name"":""AS YOU WERE!"",""description"":""Whenever this character quests, you may give chosen character -2 {strength} until the start of your next turn.""}]","[""base"",""foil""]",common,fr,/cards/cogsworth/majordomo,Beauty and the Beast,5,[1],1
Meplos,004-028,On est une Famille,,004,437,7,song,28,"[""amber""]",Giulia Riva,0,0,0,0,1,"[""action"",""song""]","[{""name"":"""",""description"":""Sing Together 7 (Any number of your or your teammates' characters with total cost 7 or more may {exert} to sing this song for free.) Look at the top 5 cards of your deck. You may reveal up to 2 character cards and put them into your hand. Put the rest on the bottom of your deck in any order.""}]","[""base"",""foil""]",rare,fr,/cards/look-at-this-family,Encanto,28,"[1,2]",1
Meplos,004-056,Tic-Tac,Implacable poursuivant,004,1039,6,character,56,"[""amethyst""]",Kenneth Anderson,1,4,7,0,1,"[""storyborn"",""ally""]",[],"[""base"",""foil""]",common,fr,/cards/tick-tock/ever-present-pursuer,Peter Pan,56,"[1,2]",1
Meplos,004-160,Triton,Jeune Prince,004,1141,4,character,160,"[""sapphire""]",Malia Ewart,1,3,4,0,1,"[""dreamborn"",""prince""]","[{""name"":""SUPERIOR SWIMMER"",""description"":""During your turn, this character gains Evasive. (They can challenge characters with Evasive.)""},{""name"":""KEEPER OF ATLANTICA"",""description"":""Whenever one of your locations is banished, you may put that card into your inkwell facedown and exerted.""}]","[""base"",""foil""]",uncommon,fr,/cards/triton/young-prince,The Little Mermaid,160,[1],1
Meplos,004-164,J'en ai Rêvé,,004,1145,2,song,164,"[""sapphire""]",Rachel Elese,0,0,0,0,1,"[""action"",""song""]","[{""name"":"""",""description"":""(A character with cost 2 or more can {exert} to sing this song for free.) Chosen character gets -3 {strength} this turn.""}]","[""base"",""foil""]",common,fr,/cards/seldom-all-they-seem,Sleeping Beauty,164,[1],1
Meplos,004-189,Mulan,Combattant en armure,004,1170,4,character,189,"[""steel""]",Amber Kommavongsa,1,3,6,0,1,"[""storyborn"",""hero"",""princess""]",[],"[""base"",""foil""]",uncommon,fr,/cards/mulan/armored-fighter,Mulan,189,[1],1
Meplos,004-199,Décret de Triton,,004,1156,1,action,199,"[""steel""]",Carlos Gomes Cabral,0,0,0,0,0,"[""action""]","[{""name"":"""",""description"":""Each opponent chooses one of their characters and deals 2 damage to them.""}]","[""base"",""foil""]",common,fr,/cards/tritons-decree,The Little Mermaid,199,[1],1
Meplos,005-007,Muche,Élan nordique,005,1221,4,character,7,"[""amber""]",Ron Baird,1,4,4,0,1,"[""storyborn"",""ally""]",[],"[""base"",""foil""]",common,fr,/cards/tuke/northern-moose,Brother Bear,7,"[1,2]",1
Meplos,005-019,Vanellope von Schweetz,Princesse de Sugar Rush,005,376,4,character,19,"[""amber""]",Vanessa Morales,2,2,4,0,1,"[""floodborn"",""hero"",""princess"",""racer""]","[{""name"":""I HEREBY DECREE"",""description"":""Whenever you play another Princess character, all opposing characters get -1 {strength} until the start of your next turn.""}]","[""base"",""foil""]",rare,fr,/cards/vanellope-von-schweetz/sugar-rush-princess,Wreck-It Ralph,19,"[1,2]",1
Meplos,005-024,Minnie,Amie compatissante,005,1239,4,character,24,"[""amber""]",Gonzalo Kenny,2,1,5,0,1,"[""storyborn"",""hero""]","[{""name"":""PATCH THEM UP"",""description"":""Whenever this character quests, you may remove up to 2 damage from chosen character.""}]","[""base"",""foil""]",common,fr,/cards/minnie-mouse/compassionate-friend,Mickey & Friends,24,"[1,2]",2
Meplos,005-031,Cœur du détecteur de la Reine,,005,1246,2,item,31,"[""amber""]",Juan Diego Leon,0,0,0,0,1,"[""item""]","[{""name"":""SYMBOL OF NOBILITY"",""description"":""At the start of your turn, if you have a Princess or Queen character in play, gain 1 lore.""},{""name"":""ROYAL SEARCH"",""description"":""{exert}, 2 {ink} - Reveal the top card of your deck. If it's a Princess or Queen character card, you may put it into your hand. Otherwise, put it on the top of your deck.""}]","[""base"",""foil""]",rare,fr,/cards/queens-sensor-core,Disney Lorcana,31,"[1,2]",1
Meplos,005-032,Chromicône d'Ambre,,005,1247,2,item,32,"[""amber""]",Dustin Panzino,0,0,0,0,1,"[""item""]","[{""name"":""AMBER LIGHT"",""description"":""Remove up to 1 damage from each of your characters.""}]","[""base"",""foil""]",uncommon,fr,/cards/amber-chromicon,Disney Lorcana,32,"[1,2]",1
Meplos,005-035,Maléfique,Redoutable reine,005,1250,8,character,35,"[""amethyst""]",Malia Ewart,2,7,7,0,0,"[""floodborn"",""villain"",""queen"",""sorcerer""]","[{""name"":""LISTEN WELL, ALL OF YOU"",""description"":""When you play this character, for each of your characters named Maleficent in play, return a chosen opposing character, item, or location with cost 3 or less to their player's hand.""}]","[""base"",""foil""]",super rare,fr,/cards/maleficent/formidable-queen,Sleeping Beauty,35,"[1,2]",1
Meplos,005-039,Archimède,Hibou exaspéré,005,1255,3,character,39,"[""amethyst""]",Kendall Hale,2,2,2,0,1,"[""storyborn"",""ally""]",[],"[""base"",""foil""]",common,fr,/cards/archimedes/exasperated-owl,The Sword in the Stone,39,"[1,2]",1
Meplos,005-040,Bruni,Salamandre de feu,005,1256,4,character,40,"[""amethyst""]",Kendall Hale,2,2,2,0,1,"[""storyborn"",""ally""]","[{""name"":""PARTING GIFT"",""description"":""When this character is banished, you may draw a card.""}]","[""base"",""foil""]",uncommon,fr,/cards/bruni/fire-salamander,Frozen,40,"[1,2]",1
Meplos,005-047,Archimède,Hibou électrique,005,3,5,character,47,"[""amethyst""]",Michaela Martin,2,1,4,0,1,"[""floodborn"",""ally""]",[],"[""base"",""foil""]",uncommon,fr,/cards/archimedes/electrified-owl,The Sword in the Stone,47,"[1,2]",2
Meplos,005-053,Miss Tick,Cruelle sorcière,005,1268,4,character,53,"[""amethyst""]",Stefano Spagnuolo,1,2,5,0,1,"[""storyborn"",""villain"",""sorcerer""]","[{""name"":""PLAYING WITH POWER"",""description"":""During opponents turns, if an effect would cause you to discard one or more cards from your hand, you don't discard.""}]","[""base"",""foil""]",rare,fr,/cards/magica-de-spell/cruel-sorceress,DuckTales,53,"[1,2]",1
Meplos,005-062,Rassembler Connaissance et Sagesse,,005,1277,2,action,62,"[""amethyst""]",Heidi Neunhoffer,0,0,0,0,0,"[""action""]","[{""name"":"""",""description"":""Gain 2 lore.""}]","[""base"",""foil""]",common,fr,/cards/gathering-knowledge-and-wisdom,The Sword in the Stone,62,"[1,2]",2
Meplos,005-138,Chaca,Fille impressionnante,005,1350,4,character,138,"[""sapphire""]",Rianti Hidayat,2,4,3,0,1,"[""storyborn"",""ally""]",[],"[""base"",""foil""]",common,fr,/cards/chaca/impressive-daughter,The Emperor's New Groove,138,"[1,2]",2
Meplos,005-147,Prince Jean,Amateur d'or,005,1208,4,character,147,"[""sapphire""]",Koni,1,3,4,0,1,"[""storyborn"",""villain"",""prince""]","[{""name"":""BEAUTIFUL, LOVELY TAXES"",""description"":""{exert} - Play an item from your hand or discard with cost 5 or less for free, exerted.""}]","[""base"",""foil""]",super rare,fr,/cards/prince-john/gold-lover,Robin Hood,147,"[1,2]",1
Meplos,005-152,Minnie,Inventrice à l'esprit vif,005,1365,1,character,152,"[""sapphire""]",Lauren Levering,1,1,2,0,0,"[""dreamborn"",""hero"",""inventor""]","[{""name"":""CAKE CATAPULT"",""description"":""When you play this character, chosen character gets -2 {strength} this turn.""}]","[""base"",""foil""]",common,fr,/cards/minnie-mouse/quick-thinking-inventor,Mickey & Friends,152,"[1,2]",1
Meplos,005-164,Je ne m'amuse plus du tout,,005,1361,1,action,164,"[""sapphire""]",Adam Ford,0,0,0,0,1,"[""action""]","[{""name"":"""",""description"":""Put chosen character of yours into your inkwell facedown and exerted.""}]","[""base"",""foil""]",uncommon,fr,/cards/all-funned-out,The Emperor's New Groove,164,"[1,2]",1
Meplos,005-171,Stitch,Outsider de l'équipe,005,1212,4,character,171,"[""steel""]",Karen Hallion,1,1,4,0,0,"[""storyborn"",""hero"",""alien""]","[{""name"":""HEAVE HO!"",""description"":""When you play this character, you may deal 2 damage to chosen character.""}]","[""base"",""foil""]",uncommon,fr,/cards/stitch/team-underdog,Lilo & Stitch,171,"[1,2]",1
Meplos,005-178,Kronk,Enquêteur sans permis,005,1390,2,character,178,"[""steel""]",Alex Accorsi,1,1,4,0,1,"[""dreamborn"",""ally""]",[],"[""base"",""foil""]",common,fr,/cards/kronk/unlicensed-investigator,The Emperor's New Groove,178,"[1,2]",1
Meplos,005-180,Atchoum,Chevalier bruyant,005,1392,4,character,180,"[""steel""]",Alice Pisoni,1,3,4,0,1,"[""dreamborn"",""ally"",""knight"",""seven dwarfs""]","[{""name"":""HEADWIND"",""description"":""When you play this character, chosen Knight character gains Challenger +2 this turn. (They get +2 while challenging.)""}]","[""base"",""foil""]",common,fr,/cards/sneezy/noisy-knight,Snow White and the Seven Dwarfs,180,"[1,2]",1
Meplos,005-182,Namaari,Fille déterminée,005,1394,9,character,182,"[""steel""]",Jenna Gray,3,5,5,0,0,"[""storyborn"",""villain"",""princess""]","[{""name"":""I DON'T HAVE ANY OTHER CHOICE"",""description"":""For each opposing character banished in a challenge this turn, you pay 2 {ink} less to play this character.""}]","[""base"",""foil""]",rare,fr,/cards/namaari/resolute-daughter,Raya and the Last Dragon,182,"[1,2]",1
Meplos,005-190,Arthur,Moustique,005,1403,2,character,190,"[""steel""]",Kasia Brzezinska,2,2,2,0,1,"[""storyborn"",""hero""]",[],"[""base"",""foil""]",uncommon,fr,/cards/arthur/wart,The Sword in the Stone,190,"[1,2]",1
Meplos,005-192,Simba,Fils de Mufasa,005,1405,6,character,192,"[""steel""]",Shannon Hallstein,1,3,5,0,1,"[""floodborn"",""hero"",""king""]","[{""name"":""FEARSOME ROAR"",""description"":""When you play this character, you may banish chosen item or location.""}]","[""base"",""foil""]",uncommon,fr,/cards/simba/son-of-mufasa,The Lion King,192,"[1,2]",2
Meplos,005-200,Bouclier d'Arendelle,,005,1414,1,item,200,"[""steel""]",Eva Widermann,0,0,0,0,1,"[""item""]","[{""name"":""DEFLECT"",""description"":""Banish this item - Chosen character gains Resist +1 until the start of your next turn.""}]","[""base"",""foil""]",common,fr,/cards/shield-of-arendelle,Frozen,200,"[1,2]",1
Meplos,006-001,Maître Hibou,Vigie pirate,006,1433,3,character,1,"[""amber""]",Omar Lozano,1,3,3,0,1,"[""storyborn"",""ally"",""pirate""]","[{""name"":""WELL SPOTTED"",""description"":""During your turn, whenever a card is put into your inkwell, chosen opposing character gets -1 {strength} until the start of your next turn.""}]","[""base"",""foil""]",uncommon,fr,/cards/owl/pirate-lookout,Winnie the Pooh,1,"[1,2]",1
Meplos,006-004,Grignotin,Charpentier du navire,006,1452,4,character,4,"[""amber""]",Wouter Bruneel,2,1,6,0,1,"[""storyborn"",""ally"",""pirate""]",[],"[""base"",""foil""]",uncommon,fr,/cards/gopher/ships-carpenter,Winnie the Pooh,4,"[1,2]",2
Meplos,006-006,Tic,Ami dont on a besoin,006,532,3,character,6,"[""amber""]",Ron Baird,1,3,3,0,1,"[""storyborn"",""hero""]","[{""name"":""DALE'S PARTNER"",""description"":""When you play this character, chosen character gets +1 {lore} this turn.""}]","[""base"",""foil""]",common,fr,/cards/chip/friend-indeed,Chip 'n Dale Rescue Rangers,6,"[1,2]",1
Meplos,006-023,Petit Gourou,Le plus petit des pirates,006,625,2,character,23,"[""amber""]",Gianluca Barone,1,1,2,0,1,"[""dreamborn"",""ally"",""pirate""]","[{""name"":""I'M A PIRATE TOO!"",""description"":""When you play this character, you may give chosen character -2 {strength} until the start of your next turn.""}]","[""base"",""foil""]",common,fr,/cards/roo/littlest-pirate,Winnie the Pooh,23,"[1,2]",1
Meplos,006-027,Beau travail !,,006,1466,1,action,27,"[""amber""]",Carlos Gomes Cabral,0,0,0,0,1,"[""action""]","[{""name"":"""",""description"":""Chosen character gets +1 {lore} this turn.""}]","[""base"",""foil""]",common,fr,/cards/good-job,Zootopia,27,"[1,2]",1
Meplos,006-031,Ukulele de Naveen,,006,1577,1,item,31,"[""amber""]",Levi Rogers,0,0,0,0,1,"[""item""]","[{""name"":""MAKE IT SING"",""description"":""1 {ink}, Banish this item — Chosen character counts as having +3 cost to sing songs this turn.""}]","[""base"",""foil""]",common,fr,/cards/naveens-ukulele,The Princess and the Frog,31,"[1,2]",1
Meplos,006-032,Bateau pirate de Winnie,,006,1469,1,item,32,"[""amber""]",Kaitlin Cuthbertson,0,0,0,0,0,"[""item""]","[{""name"":""MAKE A RESCUE"",""description"":""{exert}, 3 {ink} - Return a Pirate character card from your discard to your hand.""}]","[""base"",""foil""]",rare,fr,/cards/pooh-pirate-ship,Winnie the Pooh,32,"[1,2]",1
Meplos,006-033,Souillon,,006,1470,2,item,33,"[""amber""]",Kapik,0,0,0,0,1,"[""item""]","[{""name"":""I MADE HER"",""description"":""{exert} one of your characters - Chosen character gets -2 {strength} until the start of your next turn.""}]","[""base"",""foil""]",uncommon,fr,/cards/scrump,Lilo & Stitch,33,"[1,2]",2
Meplos,006-034,Île des Rêves Bleus,Maison de Winnie,006,1471,1,location,34,"[""amber""]",Andreas Rocha,0,0,5,1,1,"[""location""]","[{""name"":""FRIENDS FOREVER"",""description"":""During an opponent's turn, whenever a character is banished while here, gain 1 lore.""}]","[""base"",""foil""]",common,fr,/cards/hundred-acre-island/poohs-home,Winnie the Pooh,34,"[1,2]",1
Meplos,006-041,Juju,Compagnon de Mama Odie,006,538,2,character,41,"[""amethyst""]",Jeanne Plounevez,1,1,2,0,1,"[""storyborn"",""ally""]","[{""name"":""BEES' KNEES"",""description"":""When you play this character, move 1 damage counter from chosen character to chosen opposing character.""}]","[""base"",""foil""]",common,fr,/cards/juju/mama-odies-companion,The Princess and the Frog,41,"[1,2]",1
Meplos,006-043,La Fée Clochette,Volant à toute allure,006,1581,3,character,43,"[""amethyst""]",Malia Ewart,2,1,3,0,1,"[""storyborn"",""ally"",""fairy""]",[],"[""base"",""foil""]",common,fr,/cards/tinker-bell/fast-flier,Peter Pan,43,"[1,2]",2
Meplos,006-049,Diablo,Corbeau docile,006,1477,1,character,49,"[""amethyst""]",Jennifer Wu,1,0,1,0,1,"[""storyborn"",""ally""]","[{""name"":""FLY, MY PET!"",""description"":""When this character is banished, you may draw a card.""}]","[""base"",""foil""]",uncommon,fr,/cards/diablo/obedient-raven,Sleeping Beauty,49,"[1,2]",1
Meplos,006-057,Mama Odie,Sage solitaire,006,1585,5,character,57,"[""amethyst""]",Mel Milton,1,4,5,0,0,"[""storyborn"",""ally"",""sorcerer""]","[{""name"":""I'VE GOT TO DO EVERYTHING AROUND HERE"",""description"":""Whenever you play a song, you may move up to 2 damage counters from chosen character to chosen opposing character.""}]","[""base"",""foil""]",rare,fr,/cards/mama-odie/solitary-sage,The Princess and the Frog,57,"[1,2]",1
Meplos,006-066,Théière du Chapelier Fou,,006,1486,2,item,66,"[""amethyst""]",Andrea Parisi,0,0,0,0,1,"[""item""]","[{""name"":""NO ROOM, NO ROOM"",""description"":""{exert}, 1 {ink} - Each opponent puts the top card of their deck into their discard.""}]","[""base"",""foil""]",common,fr,/cards/mad-hatters-teapot,Alice in Wonderland,66,"[1,2]",1
Meplos,006-067,Poussière de fée,,006,1487,4,item,67,"[""amethyst""]",Ellie Horie / Mara Tango,0,0,0,0,0,"[""item""]","[{""name"":""FAITH AND TRUST"",""description"":""{exert}, 2 {ink} - Chosen character gains Challenger +2 and Evasive until the start of your next turn.""}]","[""base"",""foil""]",uncommon,fr,/cards/pixie-dust,Peter Pan,67,"[1,2]",1
Meplos,006-068,Navire des Fées,Vaisseau royal,006,1488,1,location,68,"[""amethyst""]",Kristen Kaluba,1,0,4,1,1,"[""location""]",[],"[""base"",""foil""]",common,fr,/cards/fairy-ship/royal-vessel,Peter Pan,68,"[1,2]",1
Meplos,006-138,Tante Cassie,Plus grande fan,006,1527,2,character,138,"[""sapphire""]",Kendall Hale,1,1,3,0,1,"[""storyborn"",""mentor""]","[{""name"":""HAPPY TO HELP"",""description"":""Whenever this character quests, chosen Inventor character gets +1 {lore} this turn.""}]","[""base"",""foil""]",common,fr,/cards/aunt-cass/biggest-fan,Big Hero 6,138,"[1,2]",1
Meplos,006-143,Yokai,Inventeur énigmatique,006,1531,4,character,143,"[""sapphire""]",Juan Diego Leon,2,3,3,0,1,"[""storyborn"",""villain"",""inventor""]","[{""name"":""TIME TO UPGRADE"",""description"":""Whenever this character quests, you may return one of your items to your hand to pay 2 {ink} less for the next item you play this turn.""}]","[""base"",""foil""]",uncommon,fr,/cards/yokai/enigmatic-inventor,Big Hero 6,143,"[1,2]",2
Meplos,006-145,Hiro Hamada,Prodige de la robotique,006,1532,3,character,145,"[""sapphire""]",Denny Minonne,1,0,3,0,1,"[""storyborn"",""hero"",""inventor""]","[{""name"":""SWEET TECH"",""description"":""{exert}, 2 {ink} - Search your deck for an item card or a Robot character card and reveal it to all players. Shuffle your deck and put that card on top of it.""}]","[""base"",""foil""]",uncommon,fr,/cards/hiro-hamada/robotics-prodigy,Big Hero 6,145,"[1,2]",1
Meplos,006-147,Aigre Bill,Acolyte maussade,006,1534,3,character,147,"[""sapphire""]",Mike Mu / Livio Cacciatore,2,2,3,0,1,"[""storyborn"",""ally""]","[{""name"":""UNPALATABLE"",""description"":""When you play this character, chosen opposing character gets -2 {strength} this turn.""}]","[""base"",""foil""]",common,fr,/cards/sour-bill/surly-henchman,Wreck-It Ralph,147,"[1,2]",2
Meplos,006-149,Wasabi,Ingénieur méthodique,006,571,4,character,149,"[""sapphire""]",Taraneh,1,3,3,0,1,"[""storyborn"",""hero"",""inventor""]","[{""name"":""BLADES OF FURY"",""description"":""When you play this character, you may banish chosen item. Its player gains 1 lore.""},{""name"":""QUICK REFLEXES"",""description"":""During your turn, this character gains Evasive.""}]","[""base"",""foil""]",uncommon,fr,/cards/wasabi/methodical-engineer,Big Hero 6,149,"[1,2]",1
Meplos,006-151,Gadget,Souris perspicace,006,1537,2,character,151,"[""sapphire""]",Samanta Erdini,1,2,3,0,1,"[""storyborn"",""ally"",""inventor""]",[],"[""base"",""foil""]",common,fr,/cards/gadget-hackwrench/perceptive-mouse,Chip 'n Dale Rescue Rangers,151,"[1,2]",1
Meplos,006-152,Dr. Delber Doppler,Astronome pointilleux,006,1608,4,character,152,"[""sapphire""]",Valentina Graziuso,1,4,4,0,1,"[""storyborn"",""ally"",""alien""]",[],"[""base"",""foil""]",uncommon,fr,/cards/dr-delbert-doppler/fussy-astronomer,Treasure Planet,152,"[1,2]",1
Meplos,006-158,Yokai,Professeur Callaghan,006,1542,1,character,158,"[""sapphire""]",Jennifer Park,1,2,2,0,1,"[""storyborn"",""villain"",""inventor""]",[],"[""base"",""foil""]",common,fr,/cards/yokai/professor-callaghan,Big Hero 6,158,"[1,2]",1
Meplos,006-170,Institut de Technologie,Prestigieuse faculté,006,1551,1,location,170,"[""sapphire""]",Gabe,0,0,5,1,1,"[""location""]","[{""name"":""WELCOME TO THE LAB"",""description"":""Inventor characters get +1 {willpower} while here.""},{""name"":""PUSH THE BOUNDARIES"",""description"":""At the start of your turn, if you have a character here, gain 1 lore.""}]","[""base"",""foil""]",common,fr,/cards/institute-of-technology/prestigious-university,Big Hero 6,170,"[1,2]",1
Meplos,006-171,Kakamora,Spécialiste de la longue portée,006,1552,1,character,171,"[""steel""]",Matthew Robert Davies,1,0,2,0,0,"[""storyborn"",""pirate""]","[{""name"":""A LITTLE HELP"",""description"":""When you play this character, if you have another Pirate character in play, you may deal 1 damage to chosen character or location.""}]","[""base"",""foil""]",common,fr,/cards/kakamora/long-range-specialist,Moana,171,"[1,2]",1
Meplos,006-172,Kakamora,Chef pirate,006,1611,7,character,172,"[""steel""]",Juan Diego Leon,2,4,6,0,0,"[""storyborn"",""pirate"",""captain""]","[{""name"":""HEAD COCONUT"",""description"":""Whenever this character quests, you may draw a card, then choose and discard a card to deal 1 damage to chosen character or location. If you discarded a Pirate character card, deal 3 damage instead.""}]","[""base"",""foil""]",rare,fr,/cards/kakamora/pirate-chief,Moana,172,"[1,2]",1
Meplos,006-181,John Silver,Maître-coq du vaisseau,006,1617,3,character,181,"[""steel""]",Leonardo Giammichele,1,3,3,0,1,"[""storyborn"",""villain"",""alien"",""pirate"",""captain""]","[{""name"":""HUNK OF HARDWARE"",""description"":""When you play this character, chosen character can't challenge during their next turn.""}]","[""base"",""foil""]",common,fr,/cards/john-silver/ships-cook,Treasure Planet,181,"[1,2]",1
Meplos,006-197,Tir jumelé,,006,1448,2,action,197,"[""steel""]",Taraneh,0,0,0,0,0,"[""action""]","[{""name"":"""",""description"":""Deal 2 damage to chosen character. Then, you may choose and discard a card to deal 2 damage to another chosen character.""}]","[""base"",""foil""]",common,fr,/cards/twin-fire,Peter Pan,197,"[1,2]",1
Meplos,006-199,Situation regrettable,,006,1436,4,action,199,"[""steel""]",Mariana Moreno,0,0,0,0,1,"[""action""]","[{""name"":"""",""description"":""Each opponent chooses one of their characters and deals 4 damage to them.""}]","[""base"",""foil""]",uncommon,fr,/cards/unfortunate-situation,The Lion King,199,"[1,2]",1
Meplos,006-200,Cœur du détecteur du roi,,006,1626,3,item,200,"[""steel""]",Juan Diego Leon,0,0,0,0,1,"[""item""]","[{""name"":""SYMBOL OF ROYALTY"",""description"":""Your Prince and King characters gain Resist +1. (Damage dealt to them is reduced by 1.)""},{""name"":""ROYAL SEARCH"",""description"":""{exert}, 2 {ink} — Reveal the top card of your deck. If it's a Prince or King character card, you may put that card into your hand. Otherwise, put it on the top of your deck.""}]","[""base"",""foil""]",rare,fr,/cards/kings-sensor-core,Disney Lorcana,200,"[1,2]",1
Meplos,006-204,Chambre du Conseil galactique,Salle d'audience,006,1445,3,location,204,"[""steel""]",Kaitlin Cuthbertson,1,0,7,1,1,"[""location""]","[{""name"":""FEDERATION DECREE"",""description"":""While you have an Alien or Robot character here, this location can't be challenged.""}]","[""base"",""foil""]",common,fr,/cards/galactic-council-chamber/courtroom,Lilo & Stitch,204,"[1,2]",2
Meplos,008-009,Tiana,Talent naturel,008,274,4,character,9,"[""amber""]",Milica Celikovic,1,2,4,0,0,"[""storyborn"",""hero"",""princess""]","[{""name"":"""",""description"":""Singer 6 (This character counts as cost 6 to sing songs.)""},{""name"":""CAPTIVATING MELODY"",""description"":""Whenever you play a song, each opposing character gets -1 {strength} until the start of your next turn.""}]","[""base"",""foil""]",rare,fr,/cards/tiana/natural-talent,The Princess and the Frog,9,"[1,2]",1
Meplos,008-010,Mirabel Madrigal,Enfant curieuse,008,194,1,character,10,"[""amber""]",Arianna Rea,1,0,2,0,1,"[""storyborn"",""hero"",""madrigal""]","[{""name"":""YOU ARE A WONDER"",""description"":""When you play this character, you may reveal a song card in your hand to gain 1 lore.""}]","[""base"",""foil""]",common,fr,/cards/mirabel-madrigal/curious-child,Encanto,10,"[1,2]",1
Meplos,008-026,Rolly,Chiot potelé,008,125,4,character,26,"[""amber"",""sapphire""]",Oggy Christiansson,1,2,3,0,1,"[""storyborn"",""puppy""]","[{""name"":"""",""description"":""Support (Whenever this character quests, you may add their to another chosen character's this turn.)""},{""name"":""ADORABLE ANTICS"",""description"":""When you play this character, you may put a character card from your discard into your inkwell facedown and exerted.""}]","[""base"",""foil""]",uncommon,fr,/cards/rolly/chubby-puppy,101 Dalmatians,26,"[1,2]",1
Meplos,008-028,Pluto,Ayant fait ses preuves,008,38,6,character,28,"[""amber"",""steel""]",Raquel Villanueva,2,2,7,0,1,"[""storyborn"",""ally""]","[{""name"":""HAPPY HELPER"",""description"":""While this character has no damage, he gets +2 and gains Support. (Whenever they quest, you may add their to another chosen character's this turn.)""}]","[""base"",""foil""]",uncommon,fr,/cards/pluto/tried-and-true,Mickey & Friends,28,"[1,2]",1
Meplos,008-032,Calhoun,Meneuse intraitable,008,500,6,character,32,"[""amber""]",Edu Francisco / Amanda Duarte,2,4,5,0,1,"[""storyborn"",""hero""]","[{""name"":"""",""description"":""Bodyguard (This character may enter play exerted. An opposing character who challenges one of your characters must choose one with Bodyguard if able.)""},{""name"":""LOOT DROP"",""description"":""When this character is banished, gain 1 lore.""}]","[""base"",""foil""]",common,fr,/cards/calhoun/hard-nosed-leader,Wreck-It Ralph,32,"[1,2]",1
Meplos,008-038,Chiot Dalmatien,Frétille de joie,008,155,2,character,38,"[""amber""]",Gwawi,1,2,3,0,1,"[""storyborn"",""puppy""]","[{""name"":""WHERE DID THEY ALL COME FROM"",""description"":""? You may have up to 99 copies of Dalmatian Puppy – Tail Wagger in your deck.""}]","[""base"",""foil""]",common,fr,/cards/dalmatian-puppy/tail-wagger,101 Dalmatians,39,"[1,2]",1
Meplos,008-055,Yelena,Cheffe des Northuldra,008,78,3,character,55,"[""amethyst""]",Aisha Durmagambetova,2,2,3,0,1,"[""storyborn"",""ally""]","[{""name"":""WE ONLY TRUST NATURE"",""description"":""When you play this character, chosen character gains Challenger +2 this turn. (They get +2 {strength} while challenging.)""}]","[""base"",""foil""]",common,fr,/cards/yelana/northuldra-leader,Frozen,56,"[1,2]",1
Meplos,008-057,Bambi,Prince de la forêt,008,36,2,character,57,"[""amethyst""]",Heidi Neunhoffer,1,3,2,0,1,"[""storyborn"",""hero"",""prince""]",[],"[""base"",""foil""]",common,fr,/cards/bambi/prince-of-the-forest,Bambi,58,"[1,2]",1
Meplos,008-059,Madame Mime,Mijotant un mauvais coup,008,375,3,character,59,"[""amethyst""]",Wouter Bruneel,1,4,3,0,1,"[""storyborn"",""villain"",""sorcerer""]",[],"[""base"",""foil""]",uncommon,fr,/cards/madam-mim/up-to-no-good,The Sword in the Stone,60,"[1,2]",1
Meplos,008-066,Miss Tick,Sous forme d'ombre,008,490,5,character,66,"[""amethyst"",""emerald""]",Sandara Tang,2,3,3,0,0,"[""storyborn"",""villain"",""sorcerer""]","[{""name"":"""",""description"":""Evasive (Only characters with Evasive can challenge this character.)""},{""name"":""DANCE OF DARKNESS"",""description"":""When you play this character, you may return another chosen character of yours to your hand to draw a card.""}]","[""base"",""foil""]",uncommon,fr,/cards/magica-de-spell/shadow-form,DuckTales,67,"[1,2]",1
Meplos,008-075,Camilo Madrigal,Sur le devant de la scène,008,160,5,character,75,"[""amethyst""]",Carlos Gomes Cabral,2,4,4,0,1,"[""storyborn"",""ally"",""madrigal""]","[{""name"":""ENCORE! ENCORE!"",""description"":""When this character is banished in a challenge, return this card to your hand.""}]","[""base"",""foil""]",common,fr,/cards/camilo-madrigal/center-stage,Encanto,76,"[1,2]",1
Meplos,008-081,Dans un autre monde,,008,237,3,song,81,"[""amethyst"",""sapphire""]",Maria Dresden,0,0,0,0,1,"[""song"",""action""]","[{""name"":"""",""description"":""(A character with cost 3 or more can {exert} to sing this song for free.) Put chosen exerted character into their player's inkwell facedown and exerted.""}]","[""base"",""foil""]",super rare,fr,/cards/into-the-unknown,Frozen,82,"[1,2]",1
Meplos,008-083,Scarabée,,008,30,2,item,83,"[""amethyst""]",Carlos Ruiz,0,0,0,0,0,"[""item""]","[{""name"":""SEARCH THE SANDS"",""description"":""{exert}, 2 {ink} — Return an Illusion character card from your discard to your hand.""}]","[""base"",""foil""]",common,fr,/cards/scarab,Aladdin,84,"[1,2]",1
Meplos,008-156,Olaf,Résumant l'histoire,008,229,1,character,156,"[""sapphire""]",Matt Chapman,1,2,1,0,1,"[""storyborn"",""ally""]","[{""name"":""ENDLESS TALE"",""description"":""When you play this character, chosen opposing character gets -1 {strength} this turn.""}]","[""base"",""foil""]",common,fr,/cards/olaf/recapping-the-story,Frozen,157,"[1,2]",1
Meplos,008-159,Go Go Tomago,Ingénieure en mécanique,008,303,2,character,159,"[""sapphire""]",Jennifer Wu,1,1,3,0,1,"[""storyborn"",""hero"",""inventor""]","[{""name"":""NEED THIS!"",""description"":""When you play a Floodborn character on this card, you may put the top card of your deck into your inkwell facedown and exerted.""}]","[""base"",""foil""]",common,fr,/cards/go-go-tomago/mechanical-engineer,Big Hero 6,160,"[1,2]",1
Meplos,008-172,Roquefort,Expert en serrures,008,310,2,character,172,"[""sapphire""]",Anderson Mahanski,1,2,2,0,1,"[""storyborn"",""ally""]","[{""name"":"""",""description"":""SAFEKEEPING Whenever this character quests, you may put chosen item into its player's inkwell facedown and exerted.""}]","[""base"",""foil""]",uncommon,fr,/cards/roquefort/lock-expert,The Aristocats,173,"[1,2]",1
Meplos,008-175,Nous sommes là pour vous aider,,008,269,6,song,175,"[""sapphire""]",Lorenza Pigliamosche / Livio Cacciatore,0,0,0,0,1,"[""song"",""action""]","[{""name"":"""",""description"":""Sing Together 6 (Any number of your or your teammates’ characters with total cost 6 or more may {exert} to sing this song for free.) Remove up to 3 damage from any number of chosen characters. All opposing characters get -3 {strength} this turn.""}]","[""base"",""foil""]",rare,fr,/cards/heads-held-high,The Rescuers,176,"[1,2]",1
Meplos,008-178,Poste de télévision,,008,312,3,item,178,"[""sapphire""]",Mariana Moreno,0,0,0,0,1,"[""item""]","[{""name"":""IS IT ON YET?"",""description"":""{exert}, 1 {inkk} — Look at the top card of your deck. If it's a Puppy character card, you may reveal it and put it into your hand. Otherwise, put it on the bottom of your deck.""}]","[""base"",""foil""]",common,fr,/cards/television-set,101 Dalmatians,179,"[1,2]",1
Meplos,008-187,Général Li,À la tête de l'armée impériale,008,149,3,character,187,"[""steel""]",Kendall Hale,1,2,4,0,1,"[""storyborn"",""mentor""]","[{""name"":"""",""description"":""Resist +1 (Damage dealt to this character is reduced by 1.)""}]","[""base"",""foil""]",common,fr,/cards/general-li/head-of-the-imperial-army,Mulan,188,"[1,2]",2
Meplos,008-189,Génie,Dragon satisfait,008,346,3,character,189,"[""steel""]",Rosa la Barbera / Livio Cacciatore,1,3,4,0,1,"[""storyborn"",""ally"",""dragon""]","[{""name"":""BUG CATCHER"",""description"":""During your turn, this character gains Evasive. (They can challenge characters with Evasive.)""}]","[""base"",""foil""]",common,fr,/cards/genie/satisfied-dragon,Aladdin,190,"[1,2]",1
Meplos,008-191,Arianna,Reine de Corona,008,235,5,character,191,"[""steel""]",Carmine Pucci,2,5,5,0,1,"[""storyborn"",""queen""]",[],"[""base"",""foil""]",common,fr,/cards/arianna/queen-of-corona,Tangled,192,"[1,2]",1
Meplos,008-194,Vinnie le pigeon,Pigeon vert,008,243,3,character,194,"[""steel""]",Cam Kendell,1,1,4,0,0,"[""storyborn""]","[{""name"":""LEARNING EXPERIENCE"",""description"":""During an opponent's turn, whenever one of your other characters is banished, gain 1 lore.""}]","[""base"",""foil""]",rare,fr,/cards/vinnie/green-pigeon,Bolt,195,"[1,2]",1
Meplos,009-007,La Reine,Monarque absolue,009,781,1,character,7,"[""amber""]",Eva Widermann,1,2,2,0,1,"[""storyborn"",""villain"",""queen""]",[],"[""base"",""foil""]",common,fr,/cards/the-queen/regal-monarch,Snow White and the Seven Dwarfs,8,"[1,2]",1
Meplos,009-011,Daisy,Mousquetaire espionne,009,992,4,character,11,"[""amber""]",Kendall Hale,1,2,3,0,1,"[""dreamborn"",""hero"",""musketeer""]","[{""name"":"""",""description"":""INFILTRATION When you play this character, each opponent chooses and discards a card.""}]","[""base"",""foil""]",common,fr,/cards/daisy-duck/musketeer-spy,Mickey & Friends,12,"[1,2]",1
Meplos,009-013,Mickey Mouse,Véritable ami,009,457,3,character,13,"[""amber""]",Dave Beauchene,2,3,3,0,1,"[""storyborn"",""hero""]",[],"[""base"",""foil""]",uncommon,fr,/cards/mickey-mouse/true-friend,Mickey & Friends,14,"[1,2]",3
Meplos,009-015,Ariel,Sirène chantante,009,988,4,character,15,"[""amber""]",Matthew Robert Davies,2,3,3,0,1,"[""storyborn"",""hero"",""princess""]",[],"[""base"",""foil""]",rare,fr,/cards/ariel/singing-mermaid,The Little Mermaid,16,"[1,2]",1
Meplos,009-017,Nani,Sœur protectrice,009,172,5,character,17,"[""amber""]",Shannon Hallstein,2,3,6,0,1,"[""storyborn"",""hero""]","[{""name"":"""",""description"":""Bodyguard (This character may enter play exerted. An opposing character who challenges one of your characters must choose one with Bodyguard if able.)""}]","[""base"",""foil""]",uncommon,fr,/cards/nani/protective-sister,Lilo & Stitch,18,"[1,2]",1
Meplos,009-020,Vaiana,de Motunui,009,589,5,character,20,"[""amber""]",Nicholas Kole,3,1,6,0,1,"[""storyborn"",""hero"",""princess""]","[{""name"":""WE CAN FIX IT"",""description"":""Whenever this character quests, you may ready your other exerted Princess characters. If you do, they can't quest for the rest of this turn.""}]","[""base"",""foil""]",rare,fr,/cards/moana/of-motunui,Moana,21,"[1,2]",1
Meplos,009-021,Pluto,Gentil cabot,009,77,1,character,21,"[""amber""]",Jiahui Eva Gao,1,0,2,0,0,"[""storyborn"",""ally""]","[{""name"":""GOOD DOG"",""description"":""— You pay 1 less for the next character you play this turn.""}]","[""base"",""foil""]",common,fr,/cards/pluto/friendly-pooch,Mickey & Friends,22,"[1,2]",1
Meplos,009-022,Ursula,Vanessa,009,1009,2,character,22,"[""amber""]",Angie Simpson,1,1,4,0,1,"[""storyborn"",""villain"",""sorcerer""]","[{""name"":"""",""description"":""Singer 4 (This character counts as cost 4 to sing songs.)""}]","[""base"",""foil""]",common,fr,/cards/ursula/vanessa,The Little Mermaid,23,"[1,2]",1
Meplos,009-023,La Reine de Cœur,Impératrice du Pays des Merveilles,009,476,3,character,23,"[""amber""]",Brianna Garcia,1,3,3,0,1,"[""dreamborn"",""villain"",""queen""]","[{""name"":""ALL WAYS HERE ARE MY WAYS"",""description"":""Whenever this character quests, your other Villain characters get +1 this turn.""}]","[""base"",""foil""]",uncommon,fr,/cards/queen-of-hearts/wonderland-empress,Alice in Wonderland,24,"[1,2]",1
Meplos,009-025,On est une Famille,,009,437,7,song,25,"[""amber""]",Giulia Riva,0,0,0,0,1,"[""song"",""action""]","[{""name"":"""",""description"":""Sing Together 7 (Any number of your or your teammates’ characters with total cost 7 or more may to sing this song for free.) Look at the top 5 cards of your deck. You may reveal up to 2 character cards and put them into your hand. Put the rest on the bottom of your deck in any order.""}]","[""base"",""foil""]",rare,fr,/cards/look-at-this-family,Encanto,26,"[1,2]",1
Meplos,009-027,Guéris les blessures,,009,389,3,song,27,"[""amber""]",Monica Catalano,0,0,0,0,1,"[""song"",""action""]","[{""name"":"""",""description"":""(A character with cost 3 or more can to sing this song for free.) Remove up to 3 damage from chosen character. Draw a card.""}]","[""base"",""foil""]",common,fr,/cards/heal-what-has-been-hurt,Tangled,28,"[1,2]",2
Meplos,009-028,J'ai perdu le Nord,,009,1012,4,song,28,"[""amber""]",Ellie Horie,0,0,0,0,1,"[""song"",""action""]","[{""name"":"""",""description"":""(A character with cost 4 or more can to sing this song for free.) All opposing characters get -2 until the start of your next turn.""}]","[""base"",""foil""]",common,fr,/cards/lost-in-the-woods,Frozen,29,"[1,2]",1
Meplos,009-031,C'est la Fête,,009,603,2,song,31,"[""amber""]",Rosa la Barbera / Leonardo Giammichele,0,0,0,0,1,"[""song"",""action""]","[{""name"":"""",""description"":""(A character with cost 2 or more can to sing this song for free.) Look at the top 4 cards of your deck. You may reveal a character card and put it into your hand. Put the rest on the bottom of your deck in any order.""}]","[""base"",""foil""]",common,fr,/cards/be-our-guest,Beauty and the Beast,32,"[1,2]",1
Meplos,009-045,Dumbo,Neuvième merveille du monde,009,1871,4,character,45,"[""amethyst""]",Mariana Moreno,1,3,3,0,1,"[""storyborn"",""hero""]","[{""name"":"""",""description"":""Evasive (Only characters with Evasive can challenge this character.)""},{""name"":""BREAKING RECORDS"",""description"":"", 1 — Draw a card and gain 1 lore.""},{""name"":""MAKING HISTORY"",""description"":""Your other characters with Evasive gain \"", 1 — Draw a card and gain 1 lore.\""""}]","[""base"",""foil""]",legendary,fr,/cards/dumbo/ninth-wonder-of-the-universe,Dumbo,46,"[1,2]",1
Meplos,009-047,Timothée,Instructeur de vol,009,1873,2,character,47,"[""amethyst""]",Grace Tran,1,1,4,0,1,"[""storyborn"",""mentor""]","[{""name"":""LET'S SHOW 'EM"",""description"":"", DUMBO! While you have a character with Evasive in play, this character gets +1.""}]","[""base"",""foil""]",common,fr,/cards/timothy-q-mouse/flight-instructor,Dumbo,48,"[1,2]",1
Meplos,009-048,Elsa,Sans gants,009,394,4,character,48,"[""amethyst""]",Cristian Romero,1,3,4,0,1,"[""storyborn"",""hero"",""queen"",""sorcerer""]","[{""name"":"""",""description"":""Challenger +3 (While challenging, this character gets +3.)""}]","[""base"",""foil""]",common,fr,/cards/elsa/gloves-off,Frozen,49,"[1,2]",2
Meplos,009-050,Tic-Tac,Implacable poursuivant,009,1039,6,character,50,"[""amethyst""]",Kenneth Anderson,1,4,7,0,1,"[""storyborn"",""ally""]","[{""name"":"""",""description"":""Evasive (Only characters with Evasive can challenge this character.)""}]","[""base"",""foil""]",common,fr,/cards/tick-tock/ever-present-pursuer,Peter Pan,51,"[1,2]",1
Meplos,009-051,Dolores Madrigal,Oreille fine,009,1024,4,character,51,"[""amethyst""]",Otto Paredes,2,3,3,0,1,"[""storyborn"",""ally"",""madrigal""]","[{""name"":""MAGICAL INFORMANT"",""description"":""When you play this character, if an opponent has an exerted character in play, you may draw a card.""}]","[""base"",""foil""]",common,fr,/cards/dolores-madrigal/easy-listener,Encanto,52,"[1,2]",1
Meplos,009-053,Elsa,Reine des Neiges,009,5,3,character,53,"[""amethyst""]",Nicholas Kole,1,2,3,0,1,"[""dreamborn"",""hero"",""queen"",""sorcerer""]","[{""name"":"""",""description"":""FREEZE — Exert chosen opposing character.""}]","[""base"",""foil""]",uncommon,fr,/cards/elsa/snow-queen,Frozen,54,"[1,2]",2
Meplos,009-056,Sven,Fournisseur officiel de glace,009,632,6,character,56,"[""amethyst""]",Jared Nickerl,1,5,7,0,1,"[""storyborn"",""ally""]",[],"[""base"",""foil""]",uncommon,fr,/cards/sven/official-ice-deliverer,Frozen,57,"[1,2]",1
Meplos,009-065,Miroir Magique,,009,644,2,item,65,"[""amethyst""]",Andrew Trabbold,0,0,0,0,0,"[""item""]","[{""name"":"""",""description"":""SPEAK! , 4 — Draw a card.""}]","[""base"",""foil""]",uncommon,fr,/cards/magic-mirror,Snow White and the Seven Dwarfs,66,"[1,2]",1
Meplos,009-068,Casa Madrigal,Casita,009,1050,1,location,68,"[""amethyst""]",Rachel Elese,0,0,6,1,1,"[""location""]","[{""name"":""OUR HOME"",""description"":""At the start of your turn, if you have a character here, gain 1 lore.""}]","[""base"",""foil""]",common,fr,/cards/casa-madrigal/casita,Encanto,69,"[1,2]",1
Meplos,009-141,Alice,Accidentellement à la dérive,009,1889,4,character,141,"[""sapphire""]",Ellie Horie,2,2,3,0,1,"[""storyborn"",""hero""]","[{""name"":""WASHED AWAY"",""description"":""When you play this character, you may put chosen item into its player's inkwell facedown and exerted.""},{""name"":""MAKING WAVES"",""description"":""Whenever this character quests, chosen opposing character gets -2 this turn.""}]","[""base"",""foil""]",rare,fr,/cards/alice/accidentally-adrift,Alice in Wonderland,142,"[1,2]",1
Meplos,009-146,Anna,Bravant la tempête,009,1118,2,character,146,"[""sapphire""]",Maria Dresden,1,1,4,0,1,"[""storyborn"",""hero"",""queen""]","[{""name"":""I WAS BORN READY"",""description"":""While you have another Hero character in play, this character gets +1.""}]","[""base"",""foil""]",common,fr,/cards/anna/braving-the-storm,Frozen,147,"[1,2]",1
Meplos,009-155,Jasmine,Héritière d'Agrabah,009,840,1,character,155,"[""sapphire""]",Rosa la Barbera / Leonardo Giammichele,1,1,2,0,1,"[""storyborn"",""hero"",""princess""]","[{""name"":""I'M A FAST LEARNER"",""description"":""When you play this character, remove up to 1 damage from chosen character of yours.""}]","[""base"",""foil""]",common,fr,/cards/jasmine/heir-of-agrabah,Aladdin,156,"[1,2]",1
Meplos,009-156,Belle,Inventrice,009,711,3,character,156,"[""sapphire""]",Gabriel Romero / Pix Smith,2,2,3,0,1,"[""dreamborn"",""hero"",""princess"",""inventor""]","[{""name"":"""",""description"":""TINKER Whenever this character quests, you pay 1 less for the next item you play this turn.""}]","[""base"",""foil""]",uncommon,fr,/cards/belle/inventive-engineer,Beauty and the Beast,157,"[1,2]",3
Meplos,009-158,Belle Marianne,Charmante rêveuse,009,483,5,character,158,"[""sapphire""]",Jenna Gray,2,4,4,0,1,"[""storyborn"",""princess""]","[{""name"":""HIGHBORN LADY"",""description"":""When you play this character, chosen character gets -2 this turn.""}]","[""base"",""foil""]",common,fr,/cards/maid-marian/delightful-dreamer,Robin Hood,159,"[1,2]",1
Meplos,009-164,Quatre douzaines d'œufs,,009,562,4,song,164,"[""sapphire""]",Jochem van Gool,0,0,0,0,1,"[""song"",""action""]","[{""name"":"""",""description"":""(A character with cost 4 or more can to sing this song for free.) Your characters gain Resist +2 until the start of your next turn. (Damage dealt to them is reduced by 2.)""}]","[""base"",""foil""]",uncommon,fr,/cards/four-dozen-eggs,Beauty and the Beast,165,"[1,2]",1
Meplos,009-165,Je Vole,,009,735,2,song,165,"[""sapphire""]",Bill Robinson,0,0,0,0,0,"[""song"",""action""]","[{""name"":"""",""description"":""(A character with cost 2 or more can to sing this song for free.) Put the top card of your deck into your inkwell facedown and exerted.""}]","[""base"",""foil""]",common,fr,/cards/one-jump-ahead,Aladdin,166,"[1,2]",1
Meplos,009-166,Creuse encore et encore,,009,1143,8,song,166,"[""sapphire""]",Rachel Elese,0,0,0,0,0,"[""song"",""action""]","[{""name"":"""",""description"":""Sing Together 8 (Any number of your or your teammates’ characters with total cost 8 or more may to sing this song for free.) Look at the top 7 cards of your deck. Put 2 into your hand and the rest on the bottom of your deck in any order.""}]","[""base"",""foil""]",uncommon,fr,/cards/dig-a-little-deeper,The Princess and the Frog,167,"[1,2]",2
Meplos,009-168,Le Cœur de Te Fiti,,009,84,3,item,168,"[""sapphire""]",Kamil Murzyn,0,0,0,0,1,"[""item""]","[{""name"":""CREATE LIFE"",""description"":"", 2 — Put the top card of your deck into your inkwell facedown and exerted.""}]","[""base"",""foil""]",rare,fr,/cards/heart-of-te-fiti,Moana,169,"[1,2]",1
Meplos,009-169,Panier de Noix de Coco,,009,227,2,item,169,"[""sapphire""]",Milica Celikovic,0,0,0,0,1,"[""item""]","[{""name"":""CONSIDER THE COCONUT"",""description"":""Whenever you play a character, you may remove up to 2 damage from chosen character.""}]","[""base"",""foil""]",common,fr,/cards/coconut-basket,Moana,170,"[1,2]",2
Meplos,009-179,Tiana,Serveuse consciencieuse,009,864,1,character,179,"[""steel""]",Samanta Erdini,1,1,3,0,1,"[""storyborn"",""hero"",""princess""]",[],"[""base"",""foil""]",common,fr,/cards/tiana/diligent-waitress,The Princess and the Frog,180,"[1,2]",1
Meplos,009-180,Benja,Gardien de la Pierre de Dragon,009,429,3,character,180,"[""steel""]",Grace Tran,2,2,3,0,1,"[""storyborn"",""mentor"",""king""]","[{""name"":""WE HAVE A CHOICE"",""description"":""When you play this character, you may banish chosen item.""}]","[""base"",""foil""]",common,fr,/cards/benja/guardian-of-the-dragon-gem,Raya and the Last Dragon,181,"[1,2]",1
Meplos,009-181,Jafar,Grand Vizir,009,857,2,character,181,"[""steel""]",Rob Di Salvo,1,3,2,0,1,"[""storyborn"",""villain"",""sorcerer""]","[{""name"":""I DON'T TRUST HIM"",""description"":"", SIRE During your turn, this character gains Evasive. (They can challenge characters with Evasive.)""}]","[""base"",""foil""]",common,fr,/cards/jafar/royal-vizier,Aladdin,182,"[1,2]",1
Meplos,009-183,Bourriquet,Âne trop rembourré,009,965,5,character,183,"[""steel""]",Mariana Moreno,1,4,5,0,1,"[""storyborn"",""ally""]","[{""name"":"""",""description"":""Resist +1 (Damage dealt to this character is reduced by 1.)""}]","[""base"",""foil""]",common,fr,/cards/eeyore/overstuffed-donkey,Winnie the Pooh,184,"[1,2]",1
Meplos,009-185,Mickey Mouse,Porte-étendard,009,1169,2,character,185,"[""steel""]",Mariana Moreno,1,1,3,0,1,"[""storyborn"",""hero""]","[{""name"":""STAND STRONG"",""description"":""When you play this character, chosen character gains Challenger +2 this turn. (They get +2 while challenging.)""}]","[""base"",""foil""]",common,fr,/cards/mickey-mouse/standard-bearer,Mickey & Friends,186,"[1,2]",2
Meplos,009-191,Hercule,Vrai héros,009,729,3,character,191,"[""steel""]",Marcel Berg,1,3,3,0,1,"[""dreamborn"",""hero"",""prince""]","[{""name"":"""",""description"":""Bodyguard (This character may enter play exerted. An opposing character who challenges one of your characters must choose one with Bodyguard if able.)""}]","[""base"",""foil""]",common,fr,/cards/hercules/true-hero,Hercules,192,"[1,2]",1
Meplos,009-198,Fracasser !,,009,507,3,action,198,"[""steel""]",Simangaliso Sibaya,0,0,0,0,1,"[""action""]","[{""name"":"""",""description"":""Deal 3 damage to chosen character.""}]","[""base"",""foil""]",uncommon,fr,/cards/smash,Frozen,199,"[1,2]",1
Meplos,009-204,Île d'exil de Maui,Rocher caché,009,318,2,location,204,"[""steel""]",Jeremy Adams,0,0,5,1,1,"[""location""]","[{""name"":"""",""description"":""ISOLATED Characters gain Resist +1 while here. (Damage dealt to them is reduced by 1.)""}]","[""base"",""foil""]",uncommon,fr,/cards/mauis-place-of-exile/hidden-island,Moana,205,"[1,2]",1
Meplos,011/033a46a2864303b42f82ec5bcaec53c18075ffeb,Akood et Emuti,,011,2189,3,song,29,"[""amber""]",Oggy Christiansson,0,0,0,0,0,"[""song"",""action""]","[{""name"":"""",""description"":""(A character with cost 3 or more can to sing this song for free.) You pay 2 less for the next character you play this turn. Draw a card.""}]","[""base"",""foil""]",rare,fr,/cards/akood-et-emuti,Lilo & Stitch,29,"[1,2]",1
Meplos,011/1013edc2d941187f923c40c5ec1396375693e93c,Jean-Christophe,Se joint à la bataille,011,2279,2,character,55,"[""amethyst""]",Kasia Brzezinska,2,1,3,0,1,"[""storyborn"",""hero""]","[{""name"":"""",""description"":""UNDERDOG If this is your first turn and you're not the first player, you pay 1 less to play this character.""}]","[""base"",""foil""]",uncommon,fr,/cards/christopher-robin/joining-the-fun,Winnie the Pooh,55,"[1,2]",1
Meplos,011/261f6bf316814c5ab362fd9b76c3a4eb339e855b,La Plante gelée,Monstrueux végétal,011,2170,3,location,68,"[""amethyst""]",Jeremy Adams,2,0,4,1,1,"[""location""]","[{""name"":""PERSISTENT PROBLEM"",""description"":""When this location is banished, if there was an exerted character here, return this card from your discard to your hand.""}]","[""base"",""foil""]",uncommon,fr,/cards/the-frozen-vine/monstrous-plant,Disney Lorcana,68,"[1,2]",1
Meplos,011/35e2ab7a3a3aac8e2318fedfbf47262c07a24f7b,Zootopie,Toundraville,011,2224,1,location,34,"[""amber""]",Wietse Treurniet,1,0,5,1,1,"[""location""]",[],"[""base"",""foil""]",common,fr,/cards/zootopia/tundratown,Zootopia,34,"[1,2]",1
Meplos,011/4be4fb84243f05e7fdc07ba8eda908c460f24bf8,Gantu,Complice de Hämsterviel,011,2156,1,character,176,"[""steel""]",Luis Huerta,1,3,3,0,1,"[""storyborn"",""alien"",""captain""]","[{""name"":""EASY TARGET"",""description"":""When you play this character, choose and discard a card.""}]","[""base"",""foil""]",uncommon,fr,/cards/gantu/hamsterviels-accomplice,Lilo & Stitch,176,"[1,2]",1
Meplos,011/4fa55daa85f53ea79e5ca4fdd03393169dec2fdc,Piège caché,,011,2211,2,item,170,"[""sapphire""]",Eva Widermann,0,0,0,0,1,"[""item""]","[{""name"":""ALMOST READY"",""description"":""This item enters play exerted. SNAP! , Banish this item — Choose one: • Banish chosen item. • Chosen opposing character gets -2 this turn.""}]","[""base"",""foil""]",uncommon,fr,/cards/hidden-trap,The Fox and the Hound,170,"[1,2]",1
Meplos,011/6c48160e6ff099367019c70f48014fe5d032d96b,Thomas,Recrue émerveillée,011,2216,1,character,1,"[""amber""]",Valentin Palombo,1,0,4,0,1,"[""storyborn"",""ally""]",[],"[""base"",""foil""]",common,fr,/cards/thomas/wide-eyed-recruit,Pocahontas,1,"[1,2]",2
Meplos,011/84f20eb5ab79f65a2f285d191cbfdf55cc2887d0,Visite des Noëls passés,,011,2248,3,action,162,"[""sapphire""]",Hana Augustine,0,0,0,0,1,"[""action""]","[{""name"":"""",""description"":""Put any number of cards from under your characters and locations into your inkwell facedown and exerted.""}]","[""base"",""foil""]",rare,fr,/cards/visiting-christmas-past,,162,"[1,2]",1
Meplos,011/8517074ceaa885213193c0c9e048ee167f9ab38a,Morgana,Ensorceleuse repentie,011,2258,6,character,47,"[""amethyst""]",Julian del Rey,1,6,6,0,1,"[""floodborn"",""super"",""hero"",""sorcerer""]","[{""name"":"""",""description"":""Shift 4 (You may pay 4 to play this on top of one of your characters named Morgana Macawber.)""},{""name"":""JUST FOR YOU"",""description"":""When you play this character, you may choose an opposing character and move 1 damage from each other character to them.""}]","[""base"",""foil""]",rare,fr,/cards/morgana-macawber/reformed-spellcaster,Darkwing Duck,47,"[1,2]",1
Meplos,011/96f05c16a68d3b82b4cdf28860ef3e16982c940b,Tigrou,Bondit à tout va,011,2162,4,character,208,"[""amethyst""]",Simone Tentoni,1,4,3,0,1,"[""storyborn"",""tigger""]","[{""name"":""SPLENDERIFFIC BOUNCE"",""description"":""When you play this character, you may return chosen character, item, or location with cost 2 or less to their player's hand.""}]","[""foil""]",epic,fr,/cards/tigger/bouncing-all-the-way,Winnie the Pooh,208,"[1,2]",1
Meplos,011/a042a3555cd036cdcf4c5996dd5cdd3204c71954,Morgana,Ensorceleuse égocentrique,011,2164,3,character,40,"[""amethyst""]",Chemène de Heus,1,5,3,0,1,"[""storyborn"",""super"",""villain"",""sorcerer""]",[],"[""base"",""foil""]",common,fr,/cards/morgana-macawber/self-centered-spellcaster,Darkwing Duck,40,"[1,2]",2
Meplos,011/b70dace2835dd72d86ee5c0ef79b0d63e1201b92,Raiponce,Protectrice éthérée,011,2212,3,character,171,"[""steel""]",Grace Tran,2,3,3,0,0,"[""storyborn"",""hero"",""princess"",""whisper""]","[{""name"":"""",""description"":""Boost 2 (Once during your turn, you may pay 2 to put the top card of your deck facedown under this character.) CLONK! Whenever this character quests, if there's a card under her, chosen opposing character can't challenge until the start of your next turn.""}]","[""base"",""foil""]",rare,fr,/cards/rapunzel/ethereal-protector,Tangled,171,"[1,2]",1
Meplos,011/bbee61c56583ec7c628f823edd2ca0f41285447b,Porcinet,Émerveillé par la neige,011,2205,2,character,139,"[""sapphire""]",Aurélie Lise-Anne,1,2,4,0,1,"[""storyborn"",""ally""]",[],"[""base"",""foil""]",common,fr,/cards/piglet/entranced-by-snow,Winnie the Pooh,139,"[1,2]",1
Meplos,011/bfb88038ddacb581b48f67c45e4fc42140568d5c,Myster Mask,Combat le crime,011,2323,1,character,174,"[""steel""]",Sergio Mancinelli,1,2,2,0,1,"[""storyborn"",""super"",""hero"",""detective""]",[],"[""base"",""foil""]",common,fr,/cards/darkwing-duck/crime-fighter,Darkwing Duck,174,"[1,2]",1
Meplos,011/c157f9c3e68df57b27fdd35c7047625729700331,Presque invincible,,011,2253,1,action,200,"[""steel""]",Matteo Marzocco,0,0,0,0,1,"[""action""]","[{""name"":"""",""description"":""Chosen character of yours gains Resist +2 until the start of your next turn. (Damage dealt to them is reduced by 2.)""}]","[""base"",""foil""]",common,fr,/cards/nearly-indestructible,Lilo & Stitch,200,"[1,2]",1
Meplos,011/cf46f93e5bfd5b12de3c9abe4839d031852ea0cc,John Smith,Pisteur des neiges,011,2186,2,character,15,"[""amber""]",Valerio Buonfantino,1,2,3,0,1,"[""storyborn"",""hero""]","[{""name"":""FOLLOW THE TRACKS"",""description"":""At the end of your turn, if this character is exerted and none of your characters challenged this turn, gain 1 lore.""}]","[""base"",""foil""]",uncommon,fr,/cards/john-smith/snow-tracker,Pocahontas,15,"[1,2]",1
Meplos,011/d1e851498eb71c898b82012957f7133992951eb5,Tigrou,Bondit à tout va,011,2162,4,character,37,"[""amethyst""]",Simone Tentoni,1,4,3,0,1,"[""storyborn"",""tigger""]","[{""name"":""SPLENDERIFFIC BOUNCE"",""description"":""When you play this character, you may return chosen character, item, or location with cost 2 or less to their player's hand.""}]","[""base"",""foil""]",common,fr,/cards/tigger/bouncing-all-the-way,Winnie the Pooh,37,"[1,2]",1
Meplos,011/daa3ab20ebb99084ff3c3fc41cae9b7427461706,Angela,Guerrière de la nuit,011,2316,3,character,187,"[""steel""]",Jenna Gray,1,2,3,0,1,"[""dreamborn"",""ally"",""gargoyle""]","[{""name"":""SHADOW POWER"",""description"":""When you play this character, you may give chosen character Challenger +2 and Resist +2 until the start of your next turn. (They get +2 while challenging. Damage dealt to them is reduced by 2.)""},{""name"":""ETERNAL NIGHT"",""description"":""Your Gargoyle characters lose the Stone by Day ability.""}]","[""base"",""foil""]",super rare,fr,/cards/angela/night-warrior,Gargoyles,187,"[1,2]",1
Meplos,011/e1b7530d26be3cfd098b28f27e4e4d836b214b42,Donald,Se laisse embarquer,011,2251,5,character,178,"[""steel""]",Matt Chapman,2,4,6,0,1,"[""storyborn"",""hero""]","[{""name"":""COMIN' THROUGH!"",""description"":""When you play this character, you may banish chosen item.""}]","[""base"",""foil""]",common,fr,/cards/donald-duck/along-for-the-ride,Mickey & Friends,178,"[1,2]",1
Meplos,011/ecc7e93465311d75c2908028444de41fe81d42f5,Powhatan,Chef protecteur,011,2275,4,character,11,"[""amber""]",Kiersten Hale,1,5,5,0,1,"[""storyborn"",""mentor"",""king""]","[{""name"":"""",""description"":""Bodyguard (This character may enter play exerted. An opposing character who challenges one of your characters must choose one with Bodyguard if able.)""},{""name"":""STANDS HIS GROUND"",""description"":""This character can't challenge.""}]","[""base"",""foil""]",uncommon,fr,/cards/chief-powhatan/protective-leader,Pocahontas,11,"[1,2]",1
Meplos,011/fa42f7d819dee165913452c93c7502357f42284e,Balthazar Picsou,Ebenezer avare,011,2137,3,character,160,"[""sapphire""]",Matt Chapman,1,3,2,0,0,"[""storyborn"",""villain""]","[{""name"":"""",""description"":""BAH, HUMBUG During your turn, whenever a card is put into your inkwell, chosen character gets -1 this turn.""}]","[""base"",""foil""]",common,fr,/cards/scrooge-mcduck/miserly-ebenezer,,160,"[1,2]",2
